bin,n,mean_pred,actual_rate,abs_gap,year
"(-0.001, 0.1]",9764,0.08047219150777103,0.06933633756657108,0.011135853941199952,2024
"(0.1, 0.2]",31520,0.1425895297100386,0.1228743654822335,0.0197151642278051,2024
"(0.2, 0.3]",2415,0.2207267952080384,0.17681159420289855,0.04391520100513985,2024
"(0.3, 0.4]",23,0.32349379526745,0.2608695652173913,0.06262423005005868,2024
"(-0.001, 0.1]",13782,0.07625584666544392,0.07255840951966333,0.003697437145780594,2025
"(0.1, 0.2]",27497,0.1395086672985951,0.13255991562715932,0.006948751671435771,2025
"(0.2, 0.3]",2358,0.22476636996043453,0.19338422391857507,0.03138214604185946,2025
"(0.3, 0.4]",97,0.3273000101964159,0.28865979381443296,0.03864021638198295,2025
"(0.4, 0.5]",6,0.4328926493125725,0.3333333333333333,0.09955931597923917,2025
"(-0.001, 0.1]",11085,0.0789593609659713,0.07063599458728011,0.008323366378691188,2026
"(0.1, 0.2]",28587,0.13849451696375512,0.12750550949732395,0.010989007466431167,2026
"(0.2, 0.3]",1591,0.22058580716656426,0.2023884349465745,0.018197372219989766,2026
"(0.3, 0.4]",28,0.3296835813352484,0.17857142857142858,0.1511121527638198,2026
"(0.4, 0.5]",1,0.4319558735058452,1.0,0.5680441264941548,2026
