game_date,k,any_hr,hits,picks,pick_precision,mean_model_p,year
2024-03-20,5,0,0,5,0.0,0.16897772916450382,2024
2024-03-21,5,1,2,5,0.4,0.16285464037606545,2024
2024-03-28,5,1,1,5,0.2,0.23176396988175477,2024
2024-03-29,5,0,0,5,0.0,0.23087211043481512,2024
2024-03-30,5,1,2,5,0.4,0.26490946909426016,2024
2024-03-31,5,0,0,5,0.0,0.22685935627715992,2024
2024-04-01,5,1,1,5,0.2,0.2405207826779098,2024
2024-04-02,5,0,0,5,0.0,0.2435803879145552,2024
2024-04-03,5,1,1,5,0.2,0.2279655068135697,2024
2024-04-04,5,1,3,5,0.6,0.18971764096309385,2024
2024-04-05,5,0,0,5,0.0,0.24873051407233593,2024
2024-04-06,5,0,0,5,0.0,0.23179037681520248,2024
2024-04-07,5,1,1,5,0.2,0.2264450758893332,2024
2024-04-08,5,1,1,5,0.2,0.23228048955347802,2024
2024-04-09,5,0,0,5,0.0,0.22935724537016533,2024
2024-04-10,5,0,0,5,0.0,0.2337123592511488,2024
2024-04-11,5,0,0,5,0.0,0.22500029948945768,2024
2024-04-12,5,1,1,5,0.2,0.23678499459622032,2024
2024-04-13,5,1,1,5,0.2,0.223945383018403,2024
2024-04-14,5,1,2,5,0.4,0.24723202280565265,2024
2024-04-15,5,1,1,5,0.2,0.2249100013484459,2024
2024-04-16,5,0,0,5,0.0,0.22891884289209496,2024
2024-04-17,5,1,1,5,0.2,0.23407477100046736,2024
2024-04-18,5,1,2,5,0.4,0.19650685836671128,2024
2024-04-19,5,0,0,5,0.0,0.24335179972105414,2024
2024-04-20,5,0,0,5,0.0,0.24947611057944102,2024
2024-04-21,5,1,1,5,0.2,0.24347598193542935,2024
2024-04-22,5,0,0,5,0.0,0.21421665236576776,2024
2024-04-23,5,0,0,5,0.0,0.23256935181777622,2024
2024-04-24,5,1,2,5,0.4,0.24141887388911978,2024
2024-04-25,5,0,0,5,0.0,0.25214722665446604,2024
2024-04-26,5,0,0,5,0.0,0.24157242704977736,2024
2024-04-27,5,1,1,5,0.2,0.23759548775763845,2024
2024-04-28,5,0,0,5,0.0,0.2222314263296445,2024
2024-04-29,5,1,2,5,0.4,0.2553696153096713,2024
2024-04-30,5,0,0,5,0.0,0.22294006264187516,2024
2024-05-01,5,1,2,5,0.4,0.2370175811119335,2024
2024-05-02,5,0,0,5,0.0,0.22369231421631977,2024
2024-05-03,5,0,0,5,0.0,0.23216871554997018,2024
2024-05-04,5,1,1,5,0.2,0.23523419457438677,2024
2024-05-05,5,1,1,5,0.2,0.2298765557627407,2024
2024-05-06,5,1,1,5,0.2,0.251431399646538,2024
2024-05-07,5,1,1,5,0.2,0.23344204403676044,2024
2024-05-08,5,0,0,5,0.0,0.23437220352948912,2024
2024-05-09,5,1,1,5,0.2,0.21641746332667142,2024
2024-05-10,5,0,0,5,0.0,0.2429936706343546,2024
2024-05-11,5,1,1,5,0.2,0.23011665656313213,2024
2024-05-12,5,1,2,5,0.4,0.2316411338823396,2024
2024-05-13,5,0,0,5,0.0,0.21579763814418432,2024
2024-05-14,5,1,2,5,0.4,0.21965644278201796,2024
2024-05-15,5,1,2,5,0.4,0.2552394088620023,2024
2024-05-16,5,0,0,5,0.0,0.23849311496564346,2024
2024-05-17,5,1,3,5,0.6,0.23175593826974286,2024
2024-05-18,5,0,0,5,0.0,0.2515377754946388,2024
2024-05-19,5,1,2,5,0.4,0.24095626318516503,2024
2024-05-20,5,1,1,5,0.2,0.2193729900328684,2024
2024-05-21,5,1,2,5,0.4,0.25720143265985923,2024
2024-05-22,5,1,3,5,0.6,0.25668614361292275,2024
2024-05-23,5,1,2,5,0.4,0.26190908111517724,2024
2024-05-24,5,1,4,5,0.8,0.25801446445616677,2024
2024-05-25,5,0,0,5,0.0,0.22904447092551905,2024
2024-05-26,5,1,1,5,0.2,0.23552522622629204,2024
2024-05-27,5,0,0,5,0.0,0.22394714010470493,2024
2024-05-28,5,1,2,5,0.4,0.24031270049109352,2024
2024-05-29,5,0,0,5,0.0,0.21185816532424012,2024
2024-05-30,5,1,1,5,0.2,0.23024186537073535,2024
2024-05-31,5,0,0,5,0.0,0.2243222147814472,2024
2024-06-01,5,1,1,5,0.2,0.21900321261407335,2024
2024-06-02,5,1,2,5,0.4,0.25219134310499836,2024
2024-06-03,5,0,0,5,0.0,0.19494194567646678,2024
2024-06-04,5,1,2,5,0.4,0.24575947551741217,2024
2024-06-05,5,0,0,5,0.0,0.2600029267843099,2024
2024-06-06,5,1,1,5,0.2,0.21871706099892343,2024
2024-06-07,5,1,1,5,0.2,0.22100948784210503,2024
2024-06-08,5,0,0,5,0.0,0.2207007732608482,2024
2024-06-09,5,0,0,5,0.0,0.2255632243095958,2024
2024-06-10,5,1,1,5,0.2,0.21129086644736744,2024
2024-06-11,5,1,2,5,0.4,0.24155706523500742,2024
2024-06-12,5,1,2,5,0.4,0.23778865018685033,2024
2024-06-13,5,0,0,5,0.0,0.23617111577316208,2024
2024-06-14,5,0,0,5,0.0,0.2526544097910846,2024
2024-06-15,5,1,1,5,0.2,0.21803128577236217,2024
2024-06-16,5,1,1,5,0.2,0.22114234692353313,2024
2024-06-17,5,0,0,5,0.0,0.20582135777516575,2024
2024-06-18,5,1,1,5,0.2,0.23395581602212506,2024
2024-06-19,5,0,0,5,0.0,0.22971434028507995,2024
2024-06-20,5,1,3,5,0.6,0.23126163556665053,2024
2024-06-21,5,1,1,5,0.2,0.21265997529172537,2024
2024-06-22,5,1,1,5,0.2,0.22241931296439904,2024
2024-06-23,5,0,0,5,0.0,0.23222064477814755,2024
2024-06-24,5,0,0,5,0.0,0.2305721204147834,2024
2024-06-25,5,1,2,5,0.4,0.2316133241276534,2024
2024-06-26,5,1,1,5,0.2,0.23004252672828027,2024
2024-06-27,5,1,1,5,0.2,0.2334944402378472,2024
2024-06-28,5,0,0,5,0.0,0.24739875685523463,2024
2024-06-29,5,1,1,5,0.2,0.2474152258851105,2024
2024-06-30,5,0,0,5,0.0,0.2401355514251468,2024
2024-07-01,5,1,2,5,0.4,0.20171287947767116,2024
2024-07-02,5,1,2,5,0.4,0.25543969466712707,2024
2024-07-03,5,1,1,5,0.2,0.24463786342515387,2024
2024-07-04,5,1,1,5,0.2,0.26075534932507133,2024
2024-07-05,5,1,1,5,0.2,0.2325363626185723,2024
2024-07-06,5,0,0,5,0.0,0.25216334350506014,2024
2024-07-07,5,0,0,5,0.0,0.23141142168876158,2024
2024-07-08,5,0,0,5,0.0,0.23389073367360824,2024
2024-07-09,5,1,1,5,0.2,0.26262418858603664,2024
2024-07-10,5,1,2,5,0.4,0.24337545249876089,2024
2024-07-11,5,0,0,5,0.0,0.25261034387909764,2024
2024-07-12,5,1,1,5,0.2,0.25979223330739104,2024
2024-07-13,5,0,0,5,0.0,0.23117509837882205,2024
2024-07-14,5,1,2,5,0.4,0.25665923123665346,2024
2024-07-19,5,1,1,5,0.2,0.2555072240983911,2024
2024-07-20,5,0,0,5,0.0,0.24982386338221546,2024
2024-07-21,5,1,3,5,0.6,0.2548785577415568,2024
2024-07-22,5,1,1,5,0.2,0.22599898043188196,2024
2024-07-23,5,1,1,5,0.2,0.23552434600691274,2024
2024-07-24,5,1,4,5,0.8,0.24546887083654773,2024
2024-07-25,5,1,2,5,0.4,0.25858696700805706,2024
2024-07-26,5,1,2,5,0.4,0.24092354802466912,2024
2024-07-27,5,1,1,5,0.2,0.24050772246304275,2024
2024-07-28,5,1,1,5,0.2,0.23484258577414324,2024
2024-07-29,5,1,1,5,0.2,0.2373627521792237,2024
2024-07-30,5,0,0,5,0.0,0.2622925551062225,2024
2024-07-31,5,1,1,5,0.2,0.2528834002582788,2024
2024-08-01,5,1,3,5,0.6,0.2183399172290939,2024
2024-08-02,5,0,0,5,0.0,0.2551027933129104,2024
2024-08-03,5,1,1,5,0.2,0.22031636898446308,2024
2024-08-04,5,1,2,5,0.4,0.23215980879996784,2024
2024-08-05,5,1,2,5,0.4,0.2812909659629689,2024
2024-08-06,5,1,1,5,0.2,0.2600650141463818,2024
2024-08-07,5,1,2,5,0.4,0.2557197282315823,2024
2024-08-08,5,1,2,5,0.4,0.23481261154415706,2024
2024-08-09,5,1,4,5,0.8,0.2480355406622145,2024
2024-08-10,5,1,2,5,0.4,0.2685945932764787,2024
2024-08-11,5,1,2,5,0.4,0.2752816852879437,2024
2024-08-12,5,1,3,5,0.6,0.24945911337746934,2024
2024-08-13,5,1,1,5,0.2,0.24966649511892464,2024
2024-08-14,5,1,2,5,0.4,0.23599559504821083,2024
2024-08-15,5,0,0,5,0.0,0.24127937110134434,2024
2024-08-16,5,0,0,5,0.0,0.23020915691631796,2024
2024-08-17,5,1,1,5,0.2,0.2560099435559812,2024
2024-08-18,5,0,0,5,0.0,0.24050016263912316,2024
2024-08-19,5,1,1,5,0.2,0.24193226716554855,2024
2024-08-20,5,1,1,5,0.2,0.24593478108474232,2024
2024-08-21,5,1,4,5,0.8,0.2514852221568752,2024
2024-08-22,5,1,1,5,0.2,0.23782112085988566,2024
2024-08-23,5,1,2,5,0.4,0.24173486655130816,2024
2024-08-24,5,1,1,5,0.2,0.25431420461053733,2024
2024-08-25,5,1,1,5,0.2,0.2586377854470007,2024
2024-08-26,5,0,0,5,0.0,0.2319078455798071,2024
2024-08-27,5,1,1,5,0.2,0.24970052410381555,2024
2024-08-28,5,1,2,5,0.4,0.24591722768122298,2024
2024-08-29,5,1,1,5,0.2,0.23469252604957358,2024
2024-08-30,5,1,4,5,0.8,0.24730661128160952,2024
2024-08-31,5,1,2,5,0.4,0.2594935094380174,2024
2024-09-01,5,1,1,5,0.2,0.26011370256621913,2024
2024-09-02,5,1,2,5,0.4,0.2406819426276668,2024
2024-09-03,5,1,1,5,0.2,0.2586211522925015,2024
2024-09-04,5,1,1,5,0.2,0.26878559439062,2024
2024-09-05,5,1,1,5,0.2,0.23795245853353714,2024
2024-09-06,5,0,0,5,0.0,0.2371735070812433,2024
2024-09-07,5,1,1,5,0.2,0.24946804014658652,2024
2024-09-08,5,1,1,5,0.2,0.2582331298680228,2024
2024-09-09,5,0,0,5,0.0,0.22915653803191507,2024
2024-09-10,5,1,2,5,0.4,0.24868977308356816,2024
2024-09-11,5,1,1,5,0.2,0.23777174484972158,2024
2024-09-12,5,0,0,5,0.0,0.24052452073159714,2024
2024-09-13,5,1,1,5,0.2,0.23450312423280764,2024
2024-09-14,5,1,2,5,0.4,0.23216517038724893,2024
2024-09-15,5,1,2,5,0.4,0.24599895678508812,2024
2024-09-16,5,0,0,5,0.0,0.24097476058374506,2024
2024-09-17,5,1,1,5,0.2,0.24094381575820326,2024
2024-09-18,5,1,1,5,0.2,0.25609238536784956,2024
2024-09-19,5,0,0,5,0.0,0.24805439211862543,2024
2024-09-20,5,1,1,5,0.2,0.246900058332241,2024
2024-09-21,5,1,3,5,0.6,0.259850779084169,2024
2024-09-22,5,0,0,5,0.0,0.24734648407750157,2024
2024-09-23,5,0,0,5,0.0,0.19434139858624194,2024
2024-09-24,5,1,1,5,0.2,0.26342140811745995,2024
2024-09-25,5,1,2,5,0.4,0.2672006953666746,2024
2024-09-26,5,0,0,5,0.0,0.2351191343299562,2024
2024-09-27,5,1,2,5,0.4,0.2818084754967325,2024
2024-09-28,5,1,1,5,0.2,0.23520188636912537,2024
2024-09-29,5,0,0,5,0.0,0.2577885119961188,2024
2024-09-30,5,1,1,5,0.2,0.18644119471303258,2024
2024-03-20,10,0,0,10,0.0,0.15295876299400882,2024
2024-03-21,10,1,2,10,0.2,0.14504283682666247,2024
2024-03-28,10,1,3,10,0.3,0.21219669054226534,2024
2024-03-29,10,1,1,10,0.1,0.22023249602177958,2024
2024-03-30,10,1,4,10,0.4,0.24574196153740005,2024
2024-03-31,10,1,2,10,0.2,0.21778879858376526,2024
2024-04-01,10,1,1,10,0.1,0.22559464592535602,2024
2024-04-02,10,1,2,10,0.2,0.2330368660631385,2024
2024-04-03,10,1,2,10,0.2,0.2204078053401945,2024
2024-04-04,10,1,4,10,0.4,0.18215216413356936,2024
2024-04-05,10,1,1,10,0.1,0.2363477137990801,2024
2024-04-06,10,1,1,10,0.1,0.22050061436437432,2024
2024-04-07,10,1,1,10,0.1,0.21345199437553614,2024
2024-04-08,10,1,2,10,0.2,0.21868451542567882,2024
2024-04-09,10,1,2,10,0.2,0.21970907550376367,2024
2024-04-10,10,0,0,10,0.0,0.22289070199533173,2024
2024-04-11,10,0,0,10,0.0,0.21008176698436576,2024
2024-04-12,10,1,3,10,0.3,0.2257698562477483,2024
2024-04-13,10,1,1,10,0.1,0.21485755234293621,2024
2024-04-14,10,1,2,10,0.2,0.2345556896149396,2024
2024-04-15,10,1,1,10,0.1,0.2176814178818026,2024
2024-04-16,10,1,2,10,0.2,0.21915046251240175,2024
2024-04-17,10,1,3,10,0.3,0.2227435477087801,2024
2024-04-18,10,1,2,10,0.2,0.1830184598598165,2024
2024-04-19,10,0,0,10,0.0,0.22843501668739954,2024
2024-04-20,10,0,0,10,0.0,0.232838431178854,2024
2024-04-21,10,1,1,10,0.1,0.23017785012278172,2024
2024-04-22,10,0,0,10,0.0,0.20691285012301827,2024
2024-04-23,10,0,0,10,0.0,0.2224174324970543,2024
2024-04-24,10,1,3,10,0.3,0.22092484335798496,2024
2024-04-25,10,0,0,10,0.0,0.2352258382427804,2024
2024-04-26,10,1,1,10,0.1,0.23110750153205245,2024
2024-04-27,10,1,3,10,0.3,0.2228255337794743,2024
2024-04-28,10,1,2,10,0.2,0.21622023859251355,2024
2024-04-29,10,1,2,10,0.2,0.24161888765871664,2024
2024-04-30,10,0,0,10,0.0,0.21649208582966167,2024
2024-05-01,10,1,3,10,0.3,0.228608811059633,2024
2024-05-02,10,0,0,10,0.0,0.2009745166275497,2024
2024-05-03,10,1,1,10,0.1,0.22256746734071822,2024
2024-05-04,10,1,2,10,0.2,0.22657207347184735,2024
2024-05-05,10,1,3,10,0.3,0.21921854715442973,2024
2024-05-06,10,1,2,10,0.2,0.22873916638979536,2024
2024-05-07,10,1,1,10,0.1,0.21422699994484562,2024
2024-05-08,10,1,1,10,0.1,0.22086299271209775,2024
2024-05-09,10,1,2,10,0.2,0.20669555581416188,2024
2024-05-10,10,0,0,10,0.0,0.23267397990623154,2024
2024-05-11,10,1,1,10,0.1,0.21836431365511336,2024
2024-05-12,10,1,2,10,0.2,0.2217790128036373,2024
2024-05-13,10,0,0,10,0.0,0.20766455791434346,2024
2024-05-14,10,1,3,10,0.3,0.21330810779952936,2024
2024-05-15,10,1,3,10,0.3,0.23647114871763103,2024
2024-05-16,10,0,0,10,0.0,0.2178224104440612,2024
2024-05-17,10,1,3,10,0.3,0.21959567981386555,2024
2024-05-18,10,1,1,10,0.1,0.2357812110446535,2024
2024-05-19,10,1,3,10,0.3,0.2269629839858216,2024
2024-05-20,10,1,2,10,0.2,0.21183266805796644,2024
2024-05-21,10,1,3,10,0.3,0.2379798940846305,2024
2024-05-22,10,1,5,10,0.5,0.23838539687514854,2024
2024-05-23,10,1,2,10,0.2,0.23513757880006936,2024
2024-05-24,10,1,5,10,0.5,0.2396852594309272,2024
2024-05-25,10,0,0,10,0.0,0.22105081238506438,2024
2024-05-26,10,1,1,10,0.1,0.2238091918138021,2024
2024-05-27,10,0,0,10,0.0,0.21024488070294636,2024
2024-05-28,10,1,3,10,0.3,0.22355948548012936,2024
2024-05-29,10,0,0,10,0.0,0.2075202151577556,2024
2024-05-30,10,1,3,10,0.3,0.2155245037342907,2024
2024-05-31,10,0,0,10,0.0,0.2132946510073923,2024
2024-06-01,10,1,1,10,0.1,0.21197430610118576,2024
2024-06-02,10,1,3,10,0.3,0.23275427240224297,2024
2024-06-03,10,1,2,10,0.2,0.18942885382429933,2024
2024-06-04,10,1,3,10,0.3,0.22282460350795405,2024
2024-06-05,10,1,2,10,0.2,0.24004310343058166,2024
2024-06-06,10,1,2,10,0.2,0.2101732471417183,2024
2024-06-07,10,1,1,10,0.1,0.21112600421343294,2024
2024-06-08,10,1,1,10,0.1,0.2137767783124876,2024
2024-06-09,10,1,1,10,0.1,0.21552015685299306,2024
2024-06-10,10,1,2,10,0.2,0.20032630329234102,2024
2024-06-11,10,1,3,10,0.3,0.2271903940012497,2024
2024-06-12,10,1,2,10,0.2,0.22561582142627684,2024
2024-06-13,10,0,0,10,0.0,0.22397665968156302,2024
2024-06-14,10,0,0,10,0.0,0.23289283355146945,2024
2024-06-15,10,1,3,10,0.3,0.21108926222644583,2024
2024-06-16,10,1,2,10,0.2,0.21446448059618778,2024
2024-06-17,10,1,1,10,0.1,0.19534643272498503,2024
2024-06-18,10,1,2,10,0.2,0.22243790930127258,2024
2024-06-19,10,0,0,10,0.0,0.2204042768678244,2024
2024-06-20,10,1,5,10,0.5,0.21741859031624805,2024
2024-06-21,10,1,1,10,0.1,0.200837608211883,2024
2024-06-22,10,1,2,10,0.2,0.21594653241488698,2024
2024-06-23,10,0,0,10,0.0,0.22143643683288214,2024
2024-06-24,10,1,2,10,0.2,0.218712271034582,2024
2024-06-25,10,1,2,10,0.2,0.222189779856452,2024
2024-06-26,10,1,2,10,0.2,0.2208534770306536,2024
2024-06-27,10,1,1,10,0.1,0.21851164026908038,2024
2024-06-28,10,1,1,10,0.1,0.22917142821090328,2024
2024-06-29,10,1,2,10,0.2,0.23022736406049865,2024
2024-06-30,10,1,2,10,0.2,0.23057426572469927,2024
2024-07-01,10,1,3,10,0.3,0.18487893738679081,2024
2024-07-02,10,1,3,10,0.3,0.2320625575108556,2024
2024-07-03,10,1,1,10,0.1,0.22678482156742982,2024
2024-07-04,10,1,1,10,0.1,0.2358724715086833,2024
2024-07-05,10,1,1,10,0.1,0.22413697126616078,2024
2024-07-06,10,0,0,10,0.0,0.23002705574374555,2024
2024-07-07,10,1,1,10,0.1,0.21962275836094552,2024
2024-07-08,10,1,1,10,0.1,0.21814947429714718,2024
2024-07-09,10,1,2,10,0.2,0.24451282589463066,2024
2024-07-10,10,1,2,10,0.2,0.23295857861002256,2024
2024-07-11,10,0,0,10,0.0,0.23581426654584173,2024
2024-07-12,10,1,1,10,0.1,0.23676898960721243,2024
2024-07-13,10,1,1,10,0.1,0.22006225717244376,2024
2024-07-14,10,1,3,10,0.3,0.24474438124699613,2024
2024-07-19,10,1,2,10,0.2,0.24022971725676237,2024
2024-07-20,10,0,0,10,0.0,0.2316994216834461,2024
2024-07-21,10,1,3,10,0.3,0.240533177816876,2024
2024-07-22,10,1,2,10,0.2,0.2145508845388513,2024
2024-07-23,10,1,2,10,0.2,0.22391416868841554,2024
2024-07-24,10,1,8,10,0.8,0.23131205762032328,2024
2024-07-25,10,1,3,10,0.3,0.23721711578431143,2024
2024-07-26,10,1,3,10,0.3,0.23217689103672834,2024
2024-07-27,10,1,2,10,0.2,0.22979806534772348,2024
2024-07-28,10,1,3,10,0.3,0.22648703473401116,2024
2024-07-29,10,1,4,10,0.4,0.22966897523893653,2024
2024-07-30,10,1,1,10,0.1,0.24574816755388706,2024
2024-07-31,10,1,2,10,0.2,0.2370466898990835,2024
2024-08-01,10,1,4,10,0.4,0.20091365527840693,2024
2024-08-02,10,1,1,10,0.1,0.23924485883969582,2024
2024-08-03,10,1,1,10,0.1,0.20991918107045104,2024
2024-08-04,10,1,3,10,0.3,0.2234893465300079,2024
2024-08-05,10,1,3,10,0.3,0.24639284222407362,2024
2024-08-06,10,1,1,10,0.1,0.2437737042052217,2024
2024-08-07,10,1,3,10,0.3,0.24342516905875736,2024
2024-08-08,10,1,3,10,0.3,0.22241072800245432,2024
2024-08-09,10,1,4,10,0.4,0.22878955344033863,2024
2024-08-10,10,1,3,10,0.3,0.24933161449248714,2024
2024-08-11,10,1,3,10,0.3,0.25119847386421584,2024
2024-08-12,10,1,4,10,0.4,0.2328245858312504,2024
2024-08-13,10,1,2,10,0.2,0.23633545761492242,2024
2024-08-14,10,1,4,10,0.4,0.22846832759802047,2024
2024-08-15,10,1,1,10,0.1,0.21897616100430847,2024
2024-08-16,10,0,0,10,0.0,0.2224713849516679,2024
2024-08-17,10,1,1,10,0.1,0.24295683097460447,2024
2024-08-18,10,1,1,10,0.1,0.22867846207278406,2024
2024-08-19,10,1,2,10,0.2,0.22840068918483342,2024
2024-08-20,10,1,2,10,0.2,0.23360188316382965,2024
2024-08-21,10,1,5,10,0.5,0.23814953609110603,2024
2024-08-22,10,1,2,10,0.2,0.2268811741204594,2024
2024-08-23,10,1,3,10,0.3,0.22763034810851268,2024
2024-08-24,10,1,1,10,0.1,0.23711210392348675,2024
2024-08-25,10,1,3,10,0.3,0.23713468243692581,2024
2024-08-26,10,1,1,10,0.1,0.21923980031573714,2024
2024-08-27,10,1,1,10,0.1,0.23327159693775132,2024
2024-08-28,10,1,3,10,0.3,0.2339795216856341,2024
2024-08-29,10,1,1,10,0.1,0.22130107538377758,2024
2024-08-30,10,1,5,10,0.5,0.2352767306494207,2024
2024-08-31,10,1,3,10,0.3,0.24195440995142095,2024
2024-09-01,10,1,1,10,0.1,0.2488838551852131,2024
2024-09-02,10,1,2,10,0.2,0.22353023589999466,2024
2024-09-03,10,1,2,10,0.2,0.24255972315760452,2024
2024-09-04,10,1,2,10,0.2,0.2486041864714605,2024
2024-09-05,10,1,1,10,0.1,0.2254457416416896,2024
2024-09-06,10,1,1,10,0.1,0.2248992842226801,2024
2024-09-07,10,1,1,10,0.1,0.2352834663626912,2024
2024-09-08,10,1,1,10,0.1,0.23729082930382242,2024
2024-09-09,10,1,1,10,0.1,0.21836048779970452,2024
2024-09-10,10,1,3,10,0.3,0.23324644019659035,2024
2024-09-11,10,1,2,10,0.2,0.22722777348937248,2024
2024-09-12,10,1,1,10,0.1,0.22640455862357176,2024
2024-09-13,10,1,1,10,0.1,0.22345593606599373,2024
2024-09-14,10,1,2,10,0.2,0.22305396054575066,2024
2024-09-15,10,1,2,10,0.2,0.23392973002394668,2024
2024-09-16,10,1,1,10,0.1,0.22620868371887118,2024
2024-09-17,10,1,3,10,0.3,0.22236399290908865,2024
2024-09-18,10,1,2,10,0.2,0.23955800947250627,2024
2024-09-19,10,1,2,10,0.2,0.23236787967023131,2024
2024-09-20,10,1,1,10,0.1,0.23517289932371738,2024
2024-09-21,10,1,3,10,0.3,0.24388587418138608,2024
2024-09-22,10,0,0,10,0.0,0.23794800453798307,2024
2024-09-23,10,0,0,10,0.0,0.18595256763324525,2024
2024-09-24,10,1,2,10,0.2,0.24301462514605232,2024
2024-09-25,10,1,3,10,0.3,0.23732531933472895,2024
2024-09-26,10,0,0,10,0.0,0.21805552673962297,2024
2024-09-27,10,1,2,10,0.2,0.2596793167245333,2024
2024-09-28,10,1,2,10,0.2,0.22182581310727062,2024
2024-09-29,10,0,0,10,0.0,0.24101294934999698,2024
2024-09-30,10,1,1,10,0.1,0.17547852757746907,2024
2025-03-18,5,0,0,5,0.0,0.19712874892654936,2025
2025-03-19,5,1,1,5,0.2,0.19104622136782062,2025
2025-03-27,5,1,1,5,0.2,0.2695538244370062,2025
2025-03-28,5,1,1,5,0.2,0.27521289632153945,2025
2025-03-29,5,1,2,5,0.4,0.26387539520888914,2025
2025-03-30,5,1,2,5,0.4,0.23177804474418137,2025
2025-03-31,5,0,0,5,0.0,0.2632144059891264,2025
2025-04-01,5,0,0,5,0.0,0.2504957863849038,2025
2025-04-02,5,1,1,5,0.2,0.25790720363365915,2025
2025-04-03,5,1,2,5,0.4,0.2346559455154365,2025
2025-04-04,5,1,2,5,0.4,0.26224149646387857,2025
2025-04-05,5,0,0,5,0.0,0.23989041942337402,2025
2025-04-06,5,1,1,5,0.2,0.2519494977846957,2025
2025-04-07,5,1,1,5,0.2,0.28587099393679216,2025
2025-04-08,5,1,1,5,0.2,0.28602414561284817,2025
2025-04-09,5,0,0,5,0.0,0.27770316198359624,2025
2025-04-10,5,1,1,5,0.2,0.22085714888409713,2025
2025-04-11,5,1,2,5,0.4,0.2233372925871973,2025
2025-04-12,5,1,2,5,0.4,0.27402029882763496,2025
2025-04-13,5,1,1,5,0.2,0.23602385089596084,2025
2025-04-14,5,1,1,5,0.2,0.25145276713288583,2025
2025-04-15,5,1,1,5,0.2,0.25599262879400786,2025
2025-04-16,5,1,2,5,0.4,0.25139875821067126,2025
2025-04-17,5,1,1,5,0.2,0.22715221111110245,2025
2025-04-18,5,0,0,5,0.0,0.2478377690786469,2025
2025-04-19,5,1,2,5,0.4,0.2592553978722854,2025
2025-04-20,5,0,0,5,0.0,0.2682331947360492,2025
2025-04-21,5,1,1,5,0.2,0.24613526169939015,2025
2025-04-22,5,0,0,5,0.0,0.22806200340404265,2025
2025-04-23,5,0,0,5,0.0,0.26416668384809017,2025
2025-04-24,5,0,0,5,0.0,0.22625157060839216,2025
2025-04-25,5,0,0,5,0.0,0.25638104822609564,2025
2025-04-26,5,1,1,5,0.2,0.27641064735573845,2025
2025-04-27,5,1,1,5,0.2,0.2436389715121992,2025
2025-04-28,5,0,0,5,0.0,0.267051731427003,2025
2025-04-29,5,1,3,5,0.6,0.22742681744615068,2025
2025-04-30,5,1,1,5,0.2,0.24878026218920607,2025
2025-05-01,5,0,0,5,0.0,0.23440585134345202,2025
2025-05-02,5,0,0,5,0.0,0.26292539293047684,2025
2025-05-03,5,1,1,5,0.2,0.26822620294247235,2025
2025-05-04,5,0,0,5,0.0,0.27957450097327036,2025
2025-05-05,5,1,2,5,0.4,0.2542075461462138,2025
2025-05-06,5,1,2,5,0.4,0.2888637256094936,2025
2025-05-07,5,1,1,5,0.2,0.2603763110664753,2025
2025-05-08,5,1,2,5,0.4,0.26806342607716416,2025
2025-05-09,5,1,1,5,0.2,0.24826105310075358,2025
2025-05-10,5,0,0,5,0.0,0.29280741494932816,2025
2025-05-11,5,0,0,5,0.0,0.2730077996677383,2025
2025-05-12,5,1,2,5,0.4,0.2406254935873874,2025
2025-05-13,5,0,0,5,0.0,0.27136173212488396,2025
2025-05-14,5,1,2,5,0.4,0.28092795917453656,2025
2025-05-15,5,1,1,5,0.2,0.28634104026616053,2025
2025-05-16,5,1,2,5,0.4,0.2512374268053521,2025
2025-05-17,5,0,0,5,0.0,0.27524095165921664,2025
2025-05-18,5,0,0,5,0.0,0.27572733326852955,2025
2025-05-19,5,1,1,5,0.2,0.2491269499735475,2025
2025-05-20,5,1,1,5,0.2,0.2910884668319429,2025
2025-05-21,5,0,0,5,0.0,0.2613377244537306,2025
2025-05-22,5,1,1,5,0.2,0.2422790545454788,2025
2025-05-23,5,0,0,5,0.0,0.26797228357533476,2025
2025-05-24,5,1,1,5,0.2,0.27949411728644075,2025
2025-05-25,5,1,2,5,0.4,0.26422502559672884,2025
2025-05-26,5,1,1,5,0.2,0.2906445773509936,2025
2025-05-27,5,1,3,5,0.6,0.2899920903607046,2025
2025-05-28,5,1,2,5,0.4,0.2780856850447865,2025
2025-05-29,5,1,2,5,0.4,0.2518620569744945,2025
2025-05-30,5,1,3,5,0.6,0.2560497670618683,2025
2025-05-31,5,1,2,5,0.4,0.29638139644831085,2025
2025-06-01,5,1,1,5,0.2,0.24335512855132863,2025
2025-06-02,5,1,1,5,0.2,0.2393529695039825,2025
2025-06-03,5,1,2,5,0.4,0.25327343477052683,2025
2025-06-04,5,0,0,5,0.0,0.2826331890494377,2025
2025-06-05,5,0,0,5,0.0,0.2613511906086421,2025
2025-06-06,5,1,1,5,0.2,0.24171215496797913,2025
2025-06-07,5,0,0,5,0.0,0.2692763055799087,2025
2025-06-08,5,1,1,5,0.2,0.2517272460465273,2025
2025-06-09,5,1,1,5,0.2,0.20864041654202164,2025
2025-06-10,5,1,1,5,0.2,0.26125228583162385,2025
2025-06-11,5,0,0,5,0.0,0.2645473460047234,2025
2025-06-12,5,1,2,5,0.4,0.22694966610097364,2025
2025-06-13,5,1,1,5,0.2,0.2250551203948498,2025
2025-06-14,5,1,2,5,0.4,0.2482364746232649,2025
2025-06-15,5,1,1,5,0.2,0.25790400431285054,2025
2025-06-16,5,0,0,5,0.0,0.24274111594856027,2025
2025-06-17,5,1,1,5,0.2,0.26006548093878834,2025
2025-06-18,5,1,1,5,0.2,0.26403173691158,2025
2025-06-19,5,1,1,5,0.2,0.25877566534782803,2025
2025-06-20,5,0,0,5,0.0,0.2734993616350715,2025
2025-06-21,5,1,2,5,0.4,0.2596893442979287,2025
2025-06-22,5,1,1,5,0.2,0.24537348418629784,2025
2025-06-23,5,1,3,5,0.6,0.22818799348165322,2025
2025-06-24,5,1,1,5,0.2,0.25751362602386507,2025
2025-06-25,5,1,1,5,0.2,0.25530296303767097,2025
2025-06-26,5,1,1,5,0.2,0.22726106890379408,2025
2025-06-27,5,1,1,5,0.2,0.23596883662984647,2025
2025-06-28,5,0,0,5,0.0,0.243303415736287,2025
2025-06-29,5,1,2,5,0.4,0.2439731472016283,2025
2025-06-30,5,0,0,5,0.0,0.23283821506868288,2025
2025-07-01,5,1,2,5,0.4,0.24876153800636835,2025
2025-07-02,5,0,0,5,0.0,0.269303542696444,2025
2025-07-03,5,0,0,5,0.0,0.23969290014419017,2025
2025-07-04,5,1,2,5,0.4,0.2835254645395428,2025
2025-07-05,5,1,1,5,0.2,0.2513073188209938,2025
2025-07-06,5,1,1,5,0.2,0.26128411143868385,2025
2025-07-07,5,1,1,5,0.2,0.2111684809651412,2025
2025-07-08,5,1,3,5,0.6,0.2664501393211407,2025
2025-07-09,5,1,1,5,0.2,0.2669662486318777,2025
2025-07-10,5,0,0,5,0.0,0.2585236956816375,2025
2025-07-11,5,1,2,5,0.4,0.2717835159253547,2025
2025-07-12,5,1,2,5,0.4,0.2542940737157716,2025
2025-07-13,5,0,0,5,0.0,0.25346093983501344,2025
2025-07-18,5,1,1,5,0.2,0.2644209826527105,2025
2025-07-19,5,1,1,5,0.2,0.27496256158887206,2025
2025-07-20,5,1,1,5,0.2,0.2328760401628779,2025
2025-07-21,5,1,2,5,0.4,0.2642409103285468,2025
2025-07-22,5,1,1,5,0.2,0.25611085811231726,2025
2025-07-23,5,1,2,5,0.4,0.2500229385669252,2025
2025-07-24,5,1,2,5,0.4,0.21244743620333845,2025
2025-07-25,5,1,2,5,0.4,0.23433641177214498,2025
2025-07-26,5,0,0,5,0.0,0.28183485314930884,2025
2025-07-27,5,0,0,5,0.0,0.22936908553067017,2025
2025-07-28,5,0,0,5,0.0,0.27282823891340857,2025
2025-07-29,5,1,3,5,0.6,0.27102384982791666,2025
2025-07-30,5,0,0,5,0.0,0.2600835543800072,2025
2025-07-31,5,1,1,5,0.2,0.19855687361852747,2025
2025-08-01,5,1,1,5,0.2,0.26555835241087783,2025
2025-08-02,5,0,0,5,0.0,0.2785533873370715,2025
2025-08-03,5,1,1,5,0.2,0.2638922684687687,2025
2025-08-04,5,1,2,5,0.4,0.30018855344059625,2025
2025-08-05,5,1,1,5,0.2,0.2694267750200906,2025
2025-08-06,5,1,1,5,0.2,0.28201340188877816,2025
2025-08-07,5,0,0,5,0.0,0.2039794141199242,2025
2025-08-08,5,1,1,5,0.2,0.26301493099299583,2025
2025-08-09,5,1,2,5,0.4,0.25284202187544935,2025
2025-08-10,5,1,2,5,0.4,0.24531345134476204,2025
2025-08-11,5,0,0,5,0.0,0.25328722368071865,2025
2025-08-12,5,1,1,5,0.2,0.2959928261117074,2025
2025-08-13,5,0,0,5,0.0,0.25020026016799185,2025
2025-08-14,5,1,1,5,0.2,0.23464871441326215,2025
2025-08-15,5,1,1,5,0.2,0.23166912892212393,2025
2025-08-16,5,1,1,5,0.2,0.2669431381659676,2025
2025-08-17,5,1,2,5,0.4,0.2424153593604294,2025
2025-08-18,5,1,1,5,0.2,0.2391227531777294,2025
2025-08-19,5,1,1,5,0.2,0.23891119454837045,2025
2025-08-20,5,1,2,5,0.4,0.24435201906940227,2025
2025-08-21,5,1,2,5,0.4,0.2401002771655536,2025
2025-08-22,5,0,0,5,0.0,0.2544770315763749,2025
2025-08-23,5,0,0,5,0.0,0.2716505591105838,2025
2025-08-24,5,1,1,5,0.2,0.3027759269438647,2025
2025-08-25,5,1,1,5,0.2,0.2875628647614089,2025
2025-08-26,5,0,0,5,0.0,0.2992642117475424,2025
2025-08-27,5,1,1,5,0.2,0.2676344539699456,2025
2025-08-28,5,1,2,5,0.4,0.24259413222054177,2025
2025-08-29,5,1,1,5,0.2,0.2439764619186143,2025
2025-08-30,5,1,1,5,0.2,0.24280060685571234,2025
2025-08-31,5,1,1,5,0.2,0.2588240478123273,2025
2025-09-01,5,1,1,5,0.2,0.25583884063841966,2025
2025-09-02,5,1,4,5,0.8,0.2522039312765744,2025
2025-09-03,5,0,0,5,0.0,0.2438368110588221,2025
2025-09-04,5,1,2,5,0.4,0.2307241495616641,2025
2025-09-05,5,1,1,5,0.2,0.2468024230146953,2025
2025-09-06,5,0,0,5,0.0,0.24553706817603974,2025
2025-09-07,5,1,2,5,0.4,0.2651565126394216,2025
2025-09-08,5,0,0,5,0.0,0.24468889009243955,2025
2025-09-09,5,1,2,5,0.4,0.23024395307606865,2025
2025-09-10,5,1,1,5,0.2,0.24854544462550274,2025
2025-09-11,5,1,1,5,0.2,0.23241377380327935,2025
2025-09-12,5,0,0,5,0.0,0.2861692426594458,2025
2025-09-13,5,1,1,5,0.2,0.2712168439032571,2025
2025-09-14,5,1,1,5,0.2,0.25686005730968536,2025
2025-09-15,5,1,2,5,0.4,0.23627459148208096,2025
2025-09-16,5,1,2,5,0.4,0.27377537319631884,2025
2025-09-17,5,0,0,5,0.0,0.2470287369721106,2025
2025-09-18,5,0,0,5,0.0,0.26935836293061444,2025
2025-09-19,5,1,1,5,0.2,0.25220894445290204,2025
2025-09-20,5,1,2,5,0.4,0.2669031376940595,2025
2025-09-21,5,0,0,5,0.0,0.28814148915434956,2025
2025-09-22,5,1,2,5,0.4,0.20331953373355302,2025
2025-09-23,5,0,0,5,0.0,0.23613738353757485,2025
2025-09-24,5,1,2,5,0.4,0.2362436169334199,2025
2025-09-25,5,1,1,5,0.2,0.2626155050750806,2025
2025-09-26,5,1,2,5,0.4,0.2945631474727564,2025
2025-09-27,5,1,1,5,0.2,0.27427890545998357,2025
2025-09-28,5,1,3,5,0.6,0.2828959572355824,2025
2025-03-18,10,0,0,10,0.0,0.1666528444309959,2025
2025-03-19,10,1,2,10,0.2,0.15875837251981642,2025
2025-03-27,10,1,2,10,0.2,0.23599061823312145,2025
2025-03-28,10,1,1,10,0.1,0.24421486728286507,2025
2025-03-29,10,1,2,10,0.2,0.24765468261748297,2025
2025-03-30,10,1,5,10,0.5,0.21498841616798522,2025
2025-03-31,10,0,0,10,0.0,0.2381465454520928,2025
2025-04-01,10,1,2,10,0.2,0.22634449611340318,2025
2025-04-02,10,1,1,10,0.1,0.23819489161462518,2025
2025-04-03,10,1,2,10,0.2,0.2119838294779628,2025
2025-04-04,10,1,4,10,0.4,0.2433366435608236,2025
2025-04-05,10,0,0,10,0.0,0.23033839660383332,2025
2025-04-06,10,1,1,10,0.1,0.23048061090592645,2025
2025-04-07,10,1,1,10,0.1,0.25211564902196637,2025
2025-04-08,10,1,2,10,0.2,0.2475131339650624,2025
2025-04-09,10,0,0,10,0.0,0.2519296435239021,2025
2025-04-10,10,1,2,10,0.2,0.20098867297435227,2025
2025-04-11,10,1,2,10,0.2,0.21529559345270552,2025
2025-04-12,10,1,2,10,0.2,0.24681714434710825,2025
2025-04-13,10,1,1,10,0.1,0.22346841137599727,2025
2025-04-14,10,1,3,10,0.3,0.22963493894841766,2025
2025-04-15,10,1,2,10,0.2,0.24055551516028134,2025
2025-04-16,10,1,3,10,0.3,0.23422049935372025,2025
2025-04-17,10,1,1,10,0.1,0.21420900085281333,2025
2025-04-18,10,1,2,10,0.2,0.2277520156117534,2025
2025-04-19,10,1,3,10,0.3,0.23473760497711593,2025
2025-04-20,10,1,1,10,0.1,0.2455715605543091,2025
2025-04-21,10,1,1,10,0.1,0.22041407815066724,2025
2025-04-22,10,1,1,10,0.1,0.22044877597671692,2025
2025-04-23,10,0,0,10,0.0,0.243580144210254,2025
2025-04-24,10,0,0,10,0.0,0.2102508230033245,2025
2025-04-25,10,0,0,10,0.0,0.23873502133580016,2025
2025-04-26,10,1,2,10,0.2,0.25565046951429193,2025
2025-04-27,10,1,2,10,0.2,0.22919322229555075,2025
2025-04-28,10,1,2,10,0.2,0.24012211170925682,2025
2025-04-29,10,1,4,10,0.4,0.21668543017898126,2025
2025-04-30,10,1,1,10,0.1,0.22882509940103493,2025
2025-05-01,10,1,1,10,0.1,0.21891280884471787,2025
2025-05-02,10,1,1,10,0.1,0.2407799535722585,2025
2025-05-03,10,1,2,10,0.2,0.24452180120743844,2025
2025-05-04,10,0,0,10,0.0,0.25203307702635447,2025
2025-05-05,10,1,3,10,0.3,0.2365984301446599,2025
2025-05-06,10,1,3,10,0.3,0.2537904647503415,2025
2025-05-07,10,1,2,10,0.2,0.2416974400087267,2025
2025-05-08,10,1,3,10,0.3,0.23323091264733398,2025
2025-05-09,10,1,3,10,0.3,0.23355377436948052,2025
2025-05-10,10,1,2,10,0.2,0.2579871535016609,2025
2025-05-11,10,1,1,10,0.1,0.24635159588107972,2025
2025-05-12,10,1,3,10,0.3,0.22762430654578183,2025
2025-05-13,10,0,0,10,0.0,0.2377305919935913,2025
2025-05-14,10,1,4,10,0.4,0.24947324551801944,2025
2025-05-15,10,1,2,10,0.2,0.24416609781125645,2025
2025-05-16,10,1,3,10,0.3,0.2317707384735586,2025
2025-05-17,10,1,1,10,0.1,0.24955497134926713,2025
2025-05-18,10,1,1,10,0.1,0.25073510173527713,2025
2025-05-19,10,1,2,10,0.2,0.22531685624524708,2025
2025-05-20,10,1,4,10,0.4,0.2586711053758163,2025
2025-05-21,10,0,0,10,0.0,0.24036177270716808,2025
2025-05-22,10,1,1,10,0.1,0.22519859024660102,2025
2025-05-23,10,1,2,10,0.2,0.2461748383166388,2025
2025-05-24,10,1,1,10,0.1,0.25064457455722033,2025
2025-05-25,10,1,2,10,0.2,0.24549743194372078,2025
2025-05-26,10,1,1,10,0.1,0.2552109880350383,2025
2025-05-27,10,1,4,10,0.4,0.2546507261633569,2025
2025-05-28,10,1,2,10,0.2,0.2528605051858141,2025
2025-05-29,10,1,3,10,0.3,0.2194187758675064,2025
2025-05-30,10,1,4,10,0.4,0.2412751281019761,2025
2025-05-31,10,1,3,10,0.3,0.2681266125181113,2025
2025-06-01,10,1,1,10,0.1,0.22916548246851215,2025
2025-06-02,10,1,3,10,0.3,0.21829557913095501,2025
2025-06-03,10,1,2,10,0.2,0.23913651596104213,2025
2025-06-04,10,1,1,10,0.1,0.2653792414677898,2025
2025-06-05,10,1,2,10,0.2,0.2409793958765089,2025
2025-06-06,10,1,2,10,0.2,0.23229784396351372,2025
2025-06-07,10,1,1,10,0.1,0.24235293430342203,2025
2025-06-08,10,1,1,10,0.1,0.23672080221061456,2025
2025-06-09,10,1,2,10,0.2,0.20156008038775847,2025
2025-06-10,10,1,1,10,0.1,0.2508635171025004,2025
2025-06-11,10,0,0,10,0.0,0.2493980547722992,2025
2025-06-12,10,1,3,10,0.3,0.211798356463838,2025
2025-06-13,10,1,2,10,0.2,0.21259386578632652,2025
2025-06-14,10,1,4,10,0.4,0.23066384609470497,2025
2025-06-15,10,1,1,10,0.1,0.2361269200238408,2025
2025-06-16,10,0,0,10,0.0,0.21885116761923679,2025
2025-06-17,10,1,2,10,0.2,0.23843643306197865,2025
2025-06-18,10,1,2,10,0.2,0.23624340578120068,2025
2025-06-19,10,1,3,10,0.3,0.24323543078286716,2025
2025-06-20,10,1,3,10,0.3,0.24397026335932465,2025
2025-06-21,10,1,2,10,0.2,0.2395590001822737,2025
2025-06-22,10,1,2,10,0.2,0.23167164933114073,2025
2025-06-23,10,1,6,10,0.6,0.216439075494401,2025
2025-06-24,10,1,1,10,0.1,0.23655837525888795,2025
2025-06-25,10,1,1,10,0.1,0.23984596080623094,2025
2025-06-26,10,1,3,10,0.3,0.21593200954996622,2025
2025-06-27,10,1,2,10,0.2,0.22574694549128332,2025
2025-06-28,10,0,0,10,0.0,0.23689633145005723,2025
2025-06-29,10,1,3,10,0.3,0.22907894101416942,2025
2025-06-30,10,1,2,10,0.2,0.21623181221868948,2025
2025-07-01,10,1,3,10,0.3,0.2300198646116567,2025
2025-07-02,10,1,2,10,0.2,0.24496486780180665,2025
2025-07-03,10,1,2,10,0.2,0.22589471321085997,2025
2025-07-04,10,1,3,10,0.3,0.25923256872019484,2025
2025-07-05,10,1,2,10,0.2,0.23131242232305588,2025
2025-07-06,10,1,1,10,0.1,0.24417959788138077,2025
2025-07-07,10,1,4,10,0.4,0.20639693217263794,2025
2025-07-08,10,1,6,10,0.6,0.24455230764605798,2025
2025-07-09,10,1,1,10,0.1,0.24463563028497873,2025
2025-07-10,10,1,1,10,0.1,0.23690660640009228,2025
2025-07-11,10,1,3,10,0.3,0.24461733048700057,2025
2025-07-12,10,1,2,10,0.2,0.23501179387665086,2025
2025-07-13,10,0,0,10,0.0,0.23091730967187366,2025
2025-07-18,10,1,3,10,0.3,0.24738781145674701,2025
2025-07-19,10,1,2,10,0.2,0.24729851111009188,2025
2025-07-20,10,1,3,10,0.3,0.22021790074453026,2025
2025-07-21,10,1,3,10,0.3,0.23963860865114786,2025
2025-07-22,10,1,2,10,0.2,0.24562622214060176,2025
2025-07-23,10,1,5,10,0.5,0.23578487514410984,2025
2025-07-24,10,1,4,10,0.4,0.20162634500797197,2025
2025-07-25,10,1,2,10,0.2,0.22082560094582454,2025
2025-07-26,10,0,0,10,0.0,0.2533581894526437,2025
2025-07-27,10,1,1,10,0.1,0.2184913498090632,2025
2025-07-28,10,1,1,10,0.1,0.24884412969430833,2025
2025-07-29,10,1,3,10,0.3,0.24943160730983038,2025
2025-07-30,10,1,1,10,0.1,0.2384089419002303,2025
2025-07-31,10,1,3,10,0.3,0.1873300337097205,2025
2025-08-01,10,1,1,10,0.1,0.2468109953937822,2025
2025-08-02,10,0,0,10,0.0,0.25096974342164324,2025
2025-08-03,10,1,2,10,0.2,0.2474882672744832,2025
2025-08-04,10,1,2,10,0.2,0.26588098341828836,2025
2025-08-05,10,1,4,10,0.4,0.248728060684428,2025
2025-08-06,10,1,1,10,0.1,0.2576041888869996,2025
2025-08-07,10,1,1,10,0.1,0.18295402473820438,2025
2025-08-08,10,1,2,10,0.2,0.23565939185861015,2025
2025-08-09,10,1,3,10,0.3,0.23703929589380895,2025
2025-08-10,10,1,2,10,0.2,0.2284054445713754,2025
2025-08-11,10,1,1,10,0.1,0.23122916248392764,2025
2025-08-12,10,1,2,10,0.2,0.26489209025278193,2025
2025-08-13,10,0,0,10,0.0,0.23062734812235747,2025
2025-08-14,10,1,1,10,0.1,0.21673284182916688,2025
2025-08-15,10,1,1,10,0.1,0.22010465271879673,2025
2025-08-16,10,1,1,10,0.1,0.245609532129981,2025
2025-08-17,10,1,3,10,0.3,0.23088497084692472,2025
2025-08-18,10,1,1,10,0.1,0.21888611665728813,2025
2025-08-19,10,1,4,10,0.4,0.22635605496433353,2025
2025-08-20,10,1,2,10,0.2,0.22382934227510104,2025
2025-08-21,10,1,3,10,0.3,0.21935060375059692,2025
2025-08-22,10,1,3,10,0.3,0.23908324764481267,2025
2025-08-23,10,0,0,10,0.0,0.24830801174153433,2025
2025-08-24,10,1,3,10,0.3,0.26055470176772555,2025
2025-08-25,10,1,2,10,0.2,0.2462635812887588,2025
2025-08-26,10,0,0,10,0.0,0.26709042635899644,2025
2025-08-27,10,1,3,10,0.3,0.24542569349162502,2025
2025-08-28,10,1,3,10,0.3,0.22591647069481757,2025
2025-08-29,10,1,2,10,0.2,0.23376473813573714,2025
2025-08-30,10,1,2,10,0.2,0.2323484509329921,2025
2025-08-31,10,1,3,10,0.3,0.24162402608922035,2025
2025-09-01,10,1,3,10,0.3,0.2352975792193131,2025
2025-09-02,10,1,6,10,0.6,0.23606504988719684,2025
2025-09-03,10,1,1,10,0.1,0.2283646868894135,2025
2025-09-04,10,1,3,10,0.3,0.20978908293834836,2025
2025-09-05,10,1,3,10,0.3,0.23124349662405752,2025
2025-09-06,10,1,1,10,0.1,0.22846610103018133,2025
2025-09-07,10,1,2,10,0.2,0.2505836098060536,2025
2025-09-08,10,0,0,10,0.0,0.22505883076086822,2025
2025-09-09,10,1,3,10,0.3,0.2217058705450075,2025
2025-09-10,10,1,3,10,0.3,0.23442205287150125,2025
2025-09-11,10,1,1,10,0.1,0.2212625636633628,2025
2025-09-12,10,1,1,10,0.1,0.26457104529576625,2025
2025-09-13,10,1,1,10,0.1,0.245705498352137,2025
2025-09-14,10,1,2,10,0.2,0.2424611734868356,2025
2025-09-15,10,1,2,10,0.2,0.2218998765846268,2025
2025-09-16,10,1,2,10,0.2,0.2508405657564377,2025
2025-09-17,10,1,1,10,0.1,0.23376550761937825,2025
2025-09-18,10,0,0,10,0.0,0.2419771231527351,2025
2025-09-19,10,1,2,10,0.2,0.2394051671629048,2025
2025-09-20,10,1,4,10,0.4,0.24938678825747979,2025
2025-09-21,10,0,0,10,0.0,0.25802361467713136,2025
2025-09-22,10,1,2,10,0.2,0.1874731699349823,2025
2025-09-23,10,1,1,10,0.1,0.22946386295893814,2025
2025-09-24,10,1,4,10,0.4,0.21989225110393504,2025
2025-09-25,10,1,1,10,0.1,0.2364232738609804,2025
2025-09-26,10,1,2,10,0.2,0.25585136025004795,2025
2025-09-27,10,1,2,10,0.2,0.25627644452346154,2025
2025-09-28,10,1,3,10,0.3,0.25007624656953786,2025
2026-03-25,5,0,0,5,0.0,0.16356145950111695,2026
2026-03-26,5,1,1,5,0.2,0.2420445058962272,2026
2026-03-27,5,1,1,5,0.2,0.2453611187200429,2026
2026-03-28,5,0,0,5,0.0,0.2387524428337263,2026
2026-03-29,5,0,0,5,0.0,0.23938611492658443,2026
2026-03-30,5,0,0,5,0.0,0.2357569334623713,2026
2026-03-31,5,1,1,5,0.2,0.24097357361696875,2026
2026-04-01,5,0,0,5,0.0,0.23291664062536127,2026
2026-04-02,5,1,1,5,0.2,0.19598262166736344,2026
2026-04-03,5,1,3,5,0.6,0.24938237272770752,2026
2026-04-04,5,0,0,5,0.0,0.25331842238372104,2026
2026-04-05,5,1,2,5,0.4,0.24204154395263525,2026
2026-04-06,5,1,2,5,0.4,0.23380065205157718,2026
2026-04-07,5,0,0,5,0.0,0.24220518743528877,2026
2026-04-08,5,0,0,5,0.0,0.23769098792542379,2026
2026-04-09,5,1,1,5,0.2,0.20257315094055964,2026
2026-04-10,5,1,1,5,0.2,0.23445264485970924,2026
2026-04-11,5,1,2,5,0.4,0.21573263360265296,2026
2026-04-12,5,1,4,5,0.8,0.23173124858666813,2026
2026-04-13,5,1,2,5,0.4,0.2229991368446667,2026
2026-04-14,5,0,0,5,0.0,0.254795212308074,2026
2026-04-15,5,1,1,5,0.2,0.24186473184265403,2026
2026-04-16,5,1,1,5,0.2,0.22318800193733201,2026
2026-04-17,5,1,1,5,0.2,0.2809204104917721,2026
2026-04-18,5,1,2,5,0.4,0.25349996797860197,2026
2026-04-19,5,1,1,5,0.2,0.27340523911639386,2026
2026-04-20,5,0,0,5,0.0,0.27330691386066785,2026
2026-04-21,5,1,3,5,0.6,0.2887963019029453,2026
2026-04-22,5,1,3,5,0.6,0.27648993110043807,2026
2026-04-23,5,1,2,5,0.4,0.27498092438511446,2026
2026-04-24,5,1,2,5,0.4,0.2529660668001562,2026
2026-04-25,5,0,0,5,0.0,0.28640268350941095,2026
2026-04-26,5,1,1,5,0.2,0.24549921210558995,2026
2026-04-27,5,1,2,5,0.4,0.22478030546483457,2026
2026-04-28,5,1,2,5,0.4,0.2524780459846395,2026
2026-04-29,5,1,1,5,0.2,0.25985291794240195,2026
2026-04-30,5,1,1,5,0.2,0.25425471020638224,2026
2026-05-01,5,1,1,5,0.2,0.2577967148831529,2026
2026-05-02,5,0,0,5,0.0,0.25500777564734894,2026
2026-05-03,5,1,1,5,0.2,0.27643316730218365,2026
2026-05-04,5,1,1,5,0.2,0.22144728356320648,2026
2026-05-05,5,1,1,5,0.2,0.253134837674083,2026
2026-05-06,5,1,1,5,0.2,0.25884526148658676,2026
2026-05-07,5,0,0,5,0.0,0.2507115722421679,2026
2026-05-08,5,1,1,5,0.2,0.26431410053199555,2026
2026-05-09,5,1,1,5,0.2,0.25680435125116646,2026
2026-05-10,5,1,1,5,0.2,0.2670508309403397,2026
2026-05-11,5,1,1,5,0.2,0.21629088042254824,2026
2026-05-12,5,1,2,5,0.4,0.24780941513952515,2026
2026-05-13,5,0,0,5,0.0,0.25479505155249926,2026
2026-05-14,5,1,3,5,0.6,0.24347748116898327,2026
2026-05-15,5,1,1,5,0.2,0.23574293829615764,2026
2026-05-16,5,1,2,5,0.4,0.25442176713154807,2026
2026-05-17,5,0,0,5,0.0,0.2721705908657949,2026
2026-05-18,5,0,0,5,0.0,0.24801466909040926,2026
2026-05-19,5,1,1,5,0.2,0.2505812405743123,2026
2026-05-20,5,0,0,5,0.0,0.26942806530344726,2026
2026-05-21,5,0,0,5,0.0,0.22285304804049696,2026
2026-05-22,5,1,1,5,0.2,0.27189194784303083,2026
2026-05-23,5,1,1,5,0.2,0.2624303412286233,2026
2026-05-24,5,1,1,5,0.2,0.23644964037846394,2026
2026-05-25,5,1,3,5,0.6,0.2678394877728409,2026
2026-05-26,5,1,1,5,0.2,0.2363115546332321,2026
2026-05-27,5,1,1,5,0.2,0.24075812875529962,2026
2026-05-28,5,0,0,5,0.0,0.22348637964920753,2026
2026-05-29,5,1,2,5,0.4,0.24033741342088724,2026
2026-05-30,5,0,0,5,0.0,0.24636502960542214,2026
2026-05-31,5,1,1,5,0.2,0.26259394884083564,2026
2026-06-01,5,0,0,5,0.0,0.22053836517617245,2026
2026-06-02,5,1,3,5,0.6,0.23179833496282182,2026
2026-06-03,5,1,1,5,0.2,0.22123788931504595,2026
2026-06-04,5,1,1,5,0.2,0.21377430165135092,2026
2026-06-05,5,1,1,5,0.2,0.21479275489765115,2026
2026-06-06,5,0,0,5,0.0,0.2247193629056688,2026
2026-06-07,5,1,2,5,0.4,0.22040001390632719,2026
2026-06-08,5,1,1,5,0.2,0.217972992600731,2026
2026-06-09,5,0,0,5,0.0,0.23059692200763077,2026
2026-06-10,5,1,1,5,0.2,0.22374899506331145,2026
2026-06-11,5,1,3,5,0.6,0.2191619629584917,2026
2026-06-12,5,1,2,5,0.4,0.23615451239893961,2026
2026-06-13,5,1,3,5,0.6,0.23202059901030925,2026
2026-06-14,5,1,1,5,0.2,0.23090191445538655,2026
2026-06-15,5,0,0,5,0.0,0.24690467274014177,2026
2026-06-16,5,1,2,5,0.4,0.24427070307758977,2026
2026-06-17,5,0,0,5,0.0,0.21907415745997935,2026
2026-06-18,5,0,0,5,0.0,0.21132131354097092,2026
2026-06-19,5,0,0,5,0.0,0.21687457428023968,2026
2026-06-20,5,1,1,5,0.2,0.21052844617918778,2026
2026-06-21,5,0,0,5,0.0,0.22149095325971196,2026
2026-06-22,5,1,1,5,0.2,0.21027517704744358,2026
2026-06-23,5,0,0,5,0.0,0.20494368982414427,2026
2026-06-24,5,0,0,5,0.0,0.23493084577515652,2026
2026-06-25,5,0,0,5,0.0,0.2121941455180325,2026
2026-06-26,5,0,0,5,0.0,0.22554607645886054,2026
2026-06-27,5,1,1,5,0.2,0.23186505415049402,2026
2026-06-28,5,1,1,5,0.2,0.2311669229684315,2026
2026-06-29,5,1,1,5,0.2,0.23141146384204414,2026
2026-06-30,5,1,2,5,0.4,0.2125735827925606,2026
2026-07-01,5,0,0,5,0.0,0.2186002999970987,2026
2026-07-02,5,1,1,5,0.2,0.2176026523913121,2026
2026-07-03,5,1,1,5,0.2,0.21137801953534124,2026
2026-07-04,5,1,2,5,0.4,0.22775970423082023,2026
2026-07-05,5,1,1,5,0.2,0.225557567225617,2026
2026-07-06,5,1,2,5,0.4,0.21536410785681656,2026
2026-07-07,5,1,3,5,0.6,0.22253316771950846,2026
2026-07-08,5,1,1,5,0.2,0.24006410578143753,2026
2026-07-09,5,1,2,5,0.4,0.2209191560453209,2026
2026-07-10,5,1,3,5,0.6,0.23356639971005907,2026
2026-07-11,5,1,3,5,0.6,0.23475387303511436,2026
2026-07-12,5,1,1,5,0.2,0.22482136951209988,2026
2026-07-16,5,0,0,5,0.0,0.18776627662030645,2026
2026-07-17,5,1,1,5,0.2,0.24155880805624044,2026
2026-07-18,5,0,0,5,0.0,0.21900532166507708,2026
2026-07-19,5,1,2,5,0.4,0.22324057303850378,2026
2026-07-20,5,0,0,5,0.0,0.2296687282107396,2026
2026-07-21,5,0,0,5,0.0,0.22594602646798617,2026
2026-07-22,5,1,2,5,0.4,0.22950002306596548,2026
2026-07-23,5,0,0,5,0.0,0.2083133524146567,2026
2026-07-24,5,0,0,5,0.0,0.23163256174438454,2026
2026-07-25,5,0,0,5,0.0,0.22827329887918052,2026
2026-07-26,5,1,1,5,0.2,0.23487566521412181,2026
2026-07-27,5,0,0,5,0.0,0.24198552939274368,2026
2026-07-28,5,1,1,5,0.2,0.25112193094478547,2026
2026-07-29,5,1,1,5,0.2,0.24506404958825728,2026
2026-07-30,5,1,1,5,0.2,0.21920053444441612,2026
2026-07-31,5,0,0,5,0.0,0.2541436207367093,2026
2026-08-01,5,1,1,5,0.2,0.22786481605057154,2026
2026-08-02,5,0,0,5,0.0,0.2454147414202108,2026
2026-08-03,5,1,2,5,0.4,0.22493913304504817,2026
2026-08-04,5,1,1,5,0.2,0.23062695998121346,2026
2026-08-05,5,1,1,5,0.2,0.2410177252672372,2026
2026-08-06,5,1,1,5,0.2,0.2042592433516517,2026
2026-08-07,5,1,1,5,0.2,0.2207272737236637,2026
2026-08-08,5,1,1,5,0.2,0.23195422161171636,2026
2026-08-09,5,0,0,5,0.0,0.22690027564016146,2026
2026-08-10,5,1,1,5,0.2,0.21147020053683613,2026
2026-08-11,5,1,3,5,0.6,0.2083971076991042,2026
2026-08-12,5,0,0,5,0.0,0.2147929164021078,2026
2026-08-13,5,0,0,5,0.0,0.20028209119036502,2026
2026-08-14,5,1,3,5,0.6,0.2171416965683731,2026
2026-08-15,5,1,1,5,0.2,0.21672142292639784,2026
2026-08-16,5,1,3,5,0.6,0.21610318605080497,2026
2026-08-17,5,1,2,5,0.4,0.2151084086087728,2026
2026-08-18,5,1,2,5,0.4,0.2337087790970509,2026
2026-08-19,5,1,1,5,0.2,0.22620438894609066,2026
2026-08-20,5,0,0,5,0.0,0.2248250417651235,2026
2026-08-21,5,1,3,5,0.6,0.2128412317803281,2026
2026-08-22,5,0,0,5,0.0,0.23986255704905352,2026
2026-08-23,5,1,1,5,0.2,0.22314915984263517,2026
2026-08-24,5,0,0,5,0.0,0.2211470975951649,2026
2026-08-25,5,1,1,5,0.2,0.21584083993353173,2026
2026-08-26,5,0,0,5,0.0,0.23448238106300073,2026
2026-08-27,5,1,1,5,0.2,0.2287715522471328,2026
2026-08-28,5,1,1,5,0.2,0.24445421204266699,2026
2026-08-29,5,0,0,5,0.0,0.23175917436449675,2026
2026-08-30,5,1,1,5,0.2,0.23182443557244384,2026
2026-08-31,5,0,0,5,0.0,0.22591204484430408,2026
2026-09-01,5,1,2,5,0.4,0.218462170534013,2026
2026-09-02,5,1,1,5,0.2,0.2327308424104743,2026
2026-09-03,5,1,2,5,0.4,0.2281383209185135,2026
2026-09-04,5,0,0,5,0.0,0.23369403357075597,2026
2026-09-05,5,1,3,5,0.6,0.23361324624704088,2026
2026-09-06,5,1,2,5,0.4,0.24562710736779086,2026
2026-09-07,5,1,1,5,0.2,0.22353141803157364,2026
2026-09-08,5,0,0,5,0.0,0.22774464666557082,2026
2026-09-09,5,1,2,5,0.4,0.22356533933008188,2026
2026-09-10,5,1,1,5,0.2,0.20187858888760185,2026
2026-09-11,5,0,0,5,0.0,0.2302290659955875,2026
2026-09-12,5,0,0,5,0.0,0.21861617294083074,2026
2026-09-13,5,0,0,5,0.0,0.23795913264239701,2026
2026-09-14,5,1,3,5,0.6,0.24413251835970629,2026
2026-09-15,5,1,2,5,0.4,0.24809478157435177,2026
2026-09-16,5,1,1,5,0.2,0.247152561160824,2026
2026-09-17,5,0,0,5,0.0,0.22602371076278774,2026
2026-03-25,10,0,0,10,0.0,0.13566286424953,2026
2026-03-26,10,1,1,10,0.1,0.22056282516897302,2026
2026-03-27,10,1,2,10,0.2,0.21890252944569188,2026
2026-03-28,10,0,0,10,0.0,0.231025896029399,2026
2026-03-29,10,1,2,10,0.2,0.22750007332980018,2026
2026-03-30,10,1,1,10,0.1,0.22774669976308778,2026
2026-03-31,10,1,3,10,0.3,0.2312059978973346,2026
2026-04-01,10,1,1,10,0.1,0.217262389888128,2026
2026-04-02,10,1,1,10,0.1,0.18169782959340258,2026
2026-04-03,10,1,3,10,0.3,0.23276385044646056,2026
2026-04-04,10,0,0,10,0.0,0.2298495574376557,2026
2026-04-05,10,1,4,10,0.4,0.2251238447439911,2026
2026-04-06,10,1,4,10,0.4,0.22211766452693724,2026
2026-04-07,10,0,0,10,0.0,0.22146628913389071,2026
2026-04-08,10,1,1,10,0.1,0.22414421792739442,2026
2026-04-09,10,1,1,10,0.1,0.1921741571308698,2026
2026-04-10,10,1,1,10,0.1,0.21915532869804272,2026
2026-04-11,10,1,2,10,0.2,0.2101537908501372,2026
2026-04-12,10,1,5,10,0.5,0.22074644854195874,2026
2026-04-13,10,1,4,10,0.4,0.21080912671468494,2026
2026-04-14,10,1,1,10,0.1,0.2395267821824297,2026
2026-04-15,10,1,5,10,0.5,0.22549603993051104,2026
2026-04-16,10,1,2,10,0.2,0.20682140355943499,2026
2026-04-17,10,1,3,10,0.3,0.24765887442928883,2026
2026-04-18,10,1,4,10,0.4,0.22784473744651682,2026
2026-04-19,10,1,4,10,0.4,0.24636706787114498,2026
2026-04-20,10,1,1,10,0.1,0.24084868490962824,2026
2026-04-21,10,1,3,10,0.3,0.24926725635680408,2026
2026-04-22,10,1,4,10,0.4,0.2437071332049836,2026
2026-04-23,10,1,3,10,0.3,0.23888808531636316,2026
2026-04-24,10,1,2,10,0.2,0.2328508551331498,2026
2026-04-25,10,1,1,10,0.1,0.2514132900576441,2026
2026-04-26,10,1,1,10,0.1,0.23144682515183984,2026
2026-04-27,10,1,3,10,0.3,0.20441180340824355,2026
2026-04-28,10,1,2,10,0.2,0.2243038029766175,2026
2026-04-29,10,1,1,10,0.1,0.2387219992358407,2026
2026-04-30,10,1,1,10,0.1,0.22922625750486464,2026
2026-05-01,10,1,1,10,0.1,0.23744662369246655,2026
2026-05-02,10,0,0,10,0.0,0.23681208571734097,2026
2026-05-03,10,1,3,10,0.3,0.2452990046742415,2026
2026-05-04,10,1,2,10,0.2,0.21435905906600286,2026
2026-05-05,10,1,1,10,0.1,0.23392707595522913,2026
2026-05-06,10,1,2,10,0.2,0.2387098998246618,2026
2026-05-07,10,1,2,10,0.2,0.2270753104868198,2026
2026-05-08,10,1,4,10,0.4,0.24119840069239115,2026
2026-05-09,10,1,1,10,0.1,0.2324791303029386,2026
2026-05-10,10,1,4,10,0.4,0.24885884594259505,2026
2026-05-11,10,1,1,10,0.1,0.20594967820848412,2026
2026-05-12,10,1,3,10,0.3,0.23106868483441087,2026
2026-05-13,10,0,0,10,0.0,0.23712691608898648,2026
2026-05-14,10,1,4,10,0.4,0.22461812474517293,2026
2026-05-15,10,1,2,10,0.2,0.22523742241806866,2026
2026-05-16,10,1,3,10,0.3,0.2276248510546166,2026
2026-05-17,10,0,0,10,0.0,0.24722951840434396,2026
2026-05-18,10,0,0,10,0.0,0.23139977745581158,2026
2026-05-19,10,1,2,10,0.2,0.23084084279223802,2026
2026-05-20,10,0,0,10,0.0,0.24186668507484615,2026
2026-05-21,10,1,1,10,0.1,0.20860500222073125,2026
2026-05-22,10,1,1,10,0.1,0.2421639972034857,2026
2026-05-23,10,1,3,10,0.3,0.23337146070389075,2026
2026-05-24,10,1,1,10,0.1,0.2192092868984727,2026
2026-05-25,10,1,3,10,0.3,0.24532852346857056,2026
2026-05-26,10,1,3,10,0.3,0.21899293261201452,2026
2026-05-27,10,1,4,10,0.4,0.22756165763341593,2026
2026-05-28,10,0,0,10,0.0,0.20455821481295483,2026
2026-05-29,10,1,3,10,0.3,0.22396857616750063,2026
2026-05-30,10,1,3,10,0.3,0.2269427184244981,2026
2026-05-31,10,1,1,10,0.1,0.23833728764950682,2026
2026-06-01,10,0,0,10,0.0,0.2071281401990784,2026
2026-06-02,10,1,3,10,0.3,0.22227722169159905,2026
2026-06-03,10,1,1,10,0.1,0.2115044746763281,2026
2026-06-04,10,1,2,10,0.2,0.20213055463391347,2026
2026-06-05,10,1,3,10,0.3,0.20601269589034493,2026
2026-06-06,10,1,1,10,0.1,0.21637087913799213,2026
2026-06-07,10,1,2,10,0.2,0.2105565182300682,2026
2026-06-08,10,1,2,10,0.2,0.20627543969220383,2026
2026-06-09,10,1,2,10,0.2,0.21570665805686579,2026
2026-06-10,10,1,2,10,0.2,0.21267703674947067,2026
2026-06-11,10,1,4,10,0.4,0.20654656122868564,2026
2026-06-12,10,1,5,10,0.5,0.223971972063588,2026
2026-06-13,10,1,5,10,0.5,0.22082383392193622,2026
2026-06-14,10,1,3,10,0.3,0.21353357474902396,2026
2026-06-15,10,1,1,10,0.1,0.22594155118590858,2026
2026-06-16,10,1,3,10,0.3,0.2304842831483634,2026
2026-06-17,10,1,1,10,0.1,0.20654900163173645,2026
2026-06-18,10,1,1,10,0.1,0.1996238464236641,2026
2026-06-19,10,1,1,10,0.1,0.2036805880142997,2026
2026-06-20,10,1,2,10,0.2,0.2003682333954943,2026
2026-06-21,10,1,2,10,0.2,0.21100952926100475,2026
2026-06-22,10,1,2,10,0.2,0.1972769107080931,2026
2026-06-23,10,0,0,10,0.0,0.1986831799700466,2026
2026-06-24,10,1,1,10,0.1,0.21925164036137565,2026
2026-06-25,10,1,1,10,0.1,0.20141346786144032,2026
2026-06-26,10,1,1,10,0.1,0.21898912959397526,2026
2026-06-27,10,1,2,10,0.2,0.21802987365856258,2026
2026-06-28,10,1,3,10,0.3,0.22188427866427451,2026
2026-06-29,10,1,1,10,0.1,0.2225240362995761,2026
2026-06-30,10,1,4,10,0.4,0.2085700211923546,2026
2026-07-01,10,1,1,10,0.1,0.20914732970953773,2026
2026-07-02,10,1,1,10,0.1,0.2066875736241142,2026
2026-07-03,10,1,3,10,0.3,0.20711421695717544,2026
2026-07-04,10,1,4,10,0.4,0.21790853626612142,2026
2026-07-05,10,1,2,10,0.2,0.21398805259977882,2026
2026-07-06,10,1,3,10,0.3,0.20095037396950532,2026
2026-07-07,10,1,3,10,0.3,0.21370295714468712,2026
2026-07-08,10,1,2,10,0.2,0.2242417667961571,2026
2026-07-09,10,1,5,10,0.5,0.21479876523227537,2026
2026-07-10,10,1,4,10,0.4,0.21770282153374185,2026
2026-07-11,10,1,3,10,0.3,0.21989739115251727,2026
2026-07-12,10,1,3,10,0.3,0.21257278116858824,2026
2026-07-16,10,1,1,10,0.1,0.16713893025374177,2026
2026-07-17,10,1,4,10,0.4,0.22748533256027037,2026
2026-07-18,10,1,1,10,0.1,0.20669084930496967,2026
2026-07-19,10,1,3,10,0.3,0.2154268597381966,2026
2026-07-20,10,1,1,10,0.1,0.21667771943933617,2026
2026-07-21,10,1,1,10,0.1,0.2159699814910608,2026
2026-07-22,10,1,3,10,0.3,0.2190894378165275,2026
2026-07-23,10,1,1,10,0.1,0.1954153127524727,2026
2026-07-24,10,0,0,10,0.0,0.2191255780895586,2026
2026-07-25,10,0,0,10,0.0,0.21865295254040315,2026
2026-07-26,10,1,2,10,0.2,0.22050177388035844,2026
2026-07-27,10,0,0,10,0.0,0.22286318788629692,2026
2026-07-28,10,1,1,10,0.1,0.23279799967387574,2026
2026-07-29,10,1,1,10,0.1,0.22716736371219276,2026
2026-07-30,10,1,2,10,0.2,0.20619038786148494,2026
2026-07-31,10,1,2,10,0.2,0.23349157059014916,2026
2026-08-01,10,1,1,10,0.1,0.21264480115271672,2026
2026-08-02,10,1,2,10,0.2,0.22694568648755448,2026
2026-08-03,10,1,2,10,0.2,0.21174193925675316,2026
2026-08-04,10,1,1,10,0.1,0.21650659151943036,2026
2026-08-05,10,1,1,10,0.1,0.22467918068609846,2026
2026-08-06,10,1,3,10,0.3,0.1944919174717758,2026
2026-08-07,10,1,2,10,0.2,0.2116209544025442,2026
2026-08-08,10,1,1,10,0.1,0.21862779164650137,2026
2026-08-09,10,1,2,10,0.2,0.21628409567525414,2026
2026-08-10,10,1,1,10,0.1,0.2054804681324746,2026
2026-08-11,10,1,4,10,0.4,0.20275384090131082,2026
2026-08-12,10,0,0,10,0.0,0.20604973805197507,2026
2026-08-13,10,0,0,10,0.0,0.1946719222911867,2026
2026-08-14,10,1,3,10,0.3,0.20672337837884447,2026
2026-08-15,10,1,1,10,0.1,0.20714868102049913,2026
2026-08-16,10,1,5,10,0.5,0.20759196786529105,2026
2026-08-17,10,1,3,10,0.3,0.20510865767770214,2026
2026-08-18,10,1,3,10,0.3,0.21585126387529238,2026
2026-08-19,10,1,2,10,0.2,0.21668960790735578,2026
2026-08-20,10,1,1,10,0.1,0.20869413868318537,2026
2026-08-21,10,1,4,10,0.4,0.20656782638268173,2026
2026-08-22,10,0,0,10,0.0,0.22337773358430865,2026
2026-08-23,10,1,2,10,0.2,0.2083277126331505,2026
2026-08-24,10,1,1,10,0.1,0.20575218454141736,2026
2026-08-25,10,1,2,10,0.2,0.2053850757250201,2026
2026-08-26,10,1,3,10,0.3,0.22165997633055431,2026
2026-08-27,10,1,2,10,0.2,0.21056911429647518,2026
2026-08-28,10,1,2,10,0.2,0.23406265977721316,2026
2026-08-29,10,0,0,10,0.0,0.2204803059816241,2026
2026-08-30,10,1,2,10,0.2,0.21501869200545234,2026
2026-08-31,10,1,2,10,0.2,0.2125957169330163,2026
2026-09-01,10,1,3,10,0.3,0.20717417846971645,2026
2026-09-02,10,1,1,10,0.1,0.21934607931599692,2026
2026-09-03,10,1,3,10,0.3,0.21147048443245503,2026
2026-09-04,10,0,0,10,0.0,0.21794176532407813,2026
2026-09-05,10,1,5,10,0.5,0.21591693475118406,2026
2026-09-06,10,1,2,10,0.2,0.2283698755780316,2026
2026-09-07,10,1,2,10,0.2,0.2114781828622684,2026
2026-09-08,10,1,1,10,0.1,0.21489051999691325,2026
2026-09-09,10,1,5,10,0.5,0.2134738315009328,2026
2026-09-10,10,1,2,10,0.2,0.19432069714765254,2026
2026-09-11,10,0,0,10,0.0,0.21605402787425465,2026
2026-09-12,10,1,2,10,0.2,0.2120194530925832,2026
2026-09-13,10,0,0,10,0.0,0.2236533529060673,2026
2026-09-14,10,1,4,10,0.4,0.22397709350373715,2026
2026-09-15,10,1,4,10,0.4,0.2282669961882003,2026
2026-09-16,10,1,3,10,0.3,0.22733958159682421,2026
2026-09-17,10,0,0,10,0.0,0.2138420417254961,2026
